Temperature,top_p,Frequency Penalty,Presence Penalty,model,Code Generated,Test Cases,Error Report,Execution Time for testcases (seconds),Memory Usage (KiB)
0,1,0,0,chatgpt-4,"b'    def find_by_template(self, template, field_list=None):\n        # Check if the template is empty\n        if not template:\n            raise ValueError(""Template cannot be empty"")\n\n        # Initialize the result list\n        result = []\n\n        # Read the CSV file\n        with open(self.table_name, \'r\') as csv_file:\n            reader = csv.DictReader(csv_file)\n\n            # Iterate through each row in the CSV file\n            for data in reader:\n                # Check if the row matches the template\n                if all(data[key] == value for key, value in template.items()):\n                    # If field_list is None or \'*\', return the entire row\n                    if field_list is None or field_list == ""*"":\n                        result.append(data)\n                    else:\n                        # Check if all fields in field_list are valid\n                        if not all(key in data for key in field_list):\n                            raise ValueError(""Invalid field(s) in field_list"")\n\n                        # Create a new dictionary containing only the requested fields\n                        filtered_data = {key: data[key] for key in field_list}\n\n                        # Add the filtered_data to the result list\n                        result.append(filtered_data)\n\n        return result'",12,"{'total': 13, 'passed': 12, 'failed': 0, 'skipped': 0, 'errors': 1, 'failure_details': []}",0.16947100003017113,36.6298828125
0.25,1,0,0,chatgpt-4,"b'    def find_by_template(self, template, field_list=None):\n        # Check if the template is empty\n        if not template:\n            raise ValueError(""Template cannot be empty"")\n\n        # Initialize the result list\n        result = []\n\n        # Open the CSV file\n        with open(self.table_name, \'r\') as csv_file:\n            reader = csv.DictReader(csv_file)\n\n            # Iterate through the rows in the CSV file\n            for row in reader:\n                # Check if the row matches the template\n                match = all(row[key] == value for key, value in template.items())\n\n                # If the row matches the template, add it to the result list\n                if match:\n                    # If field_list is None or \'*\', return the entire row\n                    if field_list is None or field_list == \'*\':\n                        result.append(row)\n                    else:\n                        # Create a new dictionary with only the requested fields\n                        filtered_row = {key: row[key] for key in field_list if key in row}\n\n                        # Check if the filtered_row is empty, if not, add it to the result list\n                        if filtered_row:\n                            result.append(filtered_row)\n\n        return result'",11,"{'total': 13, 'passed': 11, 'failed': 1, 'skipped': 0, 'errors': 1, 'failure_details': [{'test': <TestCases.CombinedTests testMethod=test_empty_field_list_multiple>, 'exception': 'Traceback (most recent call last):\n  File ""C:\\Users\\1129c\\Downloads\\ChatGPT-8.1\\TestCases.py"", line 42, in test_empty_field_list_multiple\n    self.assertGreater(len(results), 0)\nAssertionError: 0 not greater than 0\n'}]}",0.17201470001600683,36.6298828125
0.5,1,0,0,chatgpt-4,"b'    def find_by_template(self, template, field_list=None):\n        # Initialize the result list\n        result = []\n\n        # Validate template\n        if not isinstance(template, dict):\n            raise ValueError(""Template must be a dictionary"")\n\n        # CSV reader\n        with open(self.table_name, \'r\') as csv_file:\n            reader = csv.DictReader(csv_file)\n\n            for data in reader:\n                # Check if the row matches the template\n                match = all(data[key] == value for key, value in template.items())\n                if match:\n                    # If field_list is None or \'*\', return the whole row\n                    if field_list is None or field_list == ""*"":\n                        result.append(data)\n                    else:\n                        # Filter the row, leaving only the keys listed in field_list\n                        filtered_data = {key: data[key] for key in field_list if key in data}\n                        result.append(filtered_data)\n\n        return result'",12,"{'total': 13, 'passed': 12, 'failed': 0, 'skipped': 0, 'errors': 1, 'failure_details': []}",0.1697810000332538,36.6298828125
0.75,1,0,0,chatgpt-4,"b'    def find_by_template(self, template, field_list=None):\n        # Validate the template fields\n        for key in template.keys():\n            if key not in self.key_columns:\n                raise ValueError(f""Invalid field in template: {key}"")\n\n        # Initialize the result list\n        result = []\n\n        # Open the CSV file and create a DictReader\n        with open(self.table_name, \'r\') as csv_file:\n            reader = csv.DictReader(csv_file)\n\n            # Iterate through the rows in the CSV file\n            for row in reader:\n                # Check if the row matches the template\n                match = True\n                for key, value in template.items():\n                    if row[key] != value:\n                        match = False\n                        break\n\n                # If the row matches the template, add it to the result list\n                if match:\n                    if field_list is None or field_list == \'*\':\n                        result.append(row)\n                    else:\n                        filtered_row = {field: row[field] for field in field_list if field in row}\n                        result.append(filtered_row)\n\n        return result'",5,"{'total': 13, 'passed': 5, 'failed': 0, 'skipped': 0, 'errors': 8, 'failure_details': []}",0.04788229998666793,36.6298828125
1.0,1,0,0,chatgpt-4,"b""    def find_by_template(self, template, field_list=None):\n        # Create an empty list to store the results\n        results = []\n\n        # Open the CSV file\n        with open(self.table_name, 'r') as csv_file:\n            # Create a CSV DictReader\n            reader = csv.DictReader(csv_file)\n\n            # Iterate through each row in the CSV file\n            for row in reader:\n                # Check if the row matches the template\n                match = all(row[key] == value for key, value in template.items())\n\n                # If the row matches the template, process the fields\n                if match:\n                    # Copy the row if we need only specific fields\n                    if field_list:\n                        filtered_row = {key: row[key] for key in field_list if key in row}\n                    # Use the entire row if field_list is not specified or set to '*'\n                    else:\n                        filtered_row = row\n\n                    # Add the filtered row to the results\n                    results.append(filtered_row)\n\n        return results""",11,"{'total': 13, 'passed': 11, 'failed': 1, 'skipped': 0, 'errors': 1, 'failure_details': [{'test': <TestCases.CombinedTests testMethod=test_empty_field_list_multiple>, 'exception': 'Traceback (most recent call last):\n  File ""C:\\Users\\1129c\\Downloads\\ChatGPT-8.1\\TestCases.py"", line 44, in test_empty_field_list_multiple\n    self.assertEqual(result, {})\nAssertionError: {\'playerID\': \'sciosmi01\', \'yearID\': \'2000\'[107 chars] \'N\'} != {}\n+ {}\n- {\'G\': \'162\',\n-  \'L\': \'80\',\n-  \'W\': \'82\',\n-  \'inseason\': \'1\',\n-  \'lgID\': \'AL\',\n-  \'playerID\': \'sciosmi01\',\n-  \'plyrMgr\': \'N\',\n-  \'rank\': \'3\',\n-  \'teamID\': \'ANA\',\n-  \'yearID\': \'2000\'}\n'}]}",0.1651811000192538,36.6298828125
1.25,1,0,0,chatgpt-4,"b'    def find_by_template(self, template, field_list=None):\n        # Initialize an empty list to store matching records\n        result = []\n\n        # Open the CSV file and read its contents\n        with open(self.connect_info[\'file_path\'], \'r\') as csv_file:\n            reader = csv.DictReader(csv_file)\n\n            # Iterate over the rows in the CSV file and search for matches to the template\n            for data in reader:\n                # Check if all template key-value pairs match the data row\n                template_matches = all(data[key] == value for key, value in template.items())\n\n                # Add the matching row to the result list, filtering by the desired fields (if provided)\n                if template_matches:\n                    # If field_list is not provided or set to \'*\', include all fields\n                    if field_list is None or field_list == ""*"":\n                        result.append(data)\n                    else:\n                        filtered_row = {k: data[k] for k in field_list if k in data}\n                        result.append(filtered_row)\n\n        return result'",0,"{'total': 13, 'passed': 0, 'failed': 0, 'skipped': 0, 'errors': 13, 'failure_details': []}",0.012898499961011112,16.9521484375
1.5,1,0,0,chatgpt-4,"b""                        def find_by_template(self, template, field_list=None):        \n                            match_rows = []\n                            with open(self.table_name, 'r') as csv_file:\n                                reader = csv.DictReader(csv_file)\n                            \n                                for data in reader:\n                                \n                                    matching_template = all(str(data.get(column)) == str(value)\n                                                                for column, value in template.items())  \n                                    if matching_template:                         \n                                        if field_list:\n                                            eventdict = {k:v for k,v in data.items() if k in field_list}\n                                             \n                                            match_rows.append(eventdict)\n                                                                                   \n                                        else:\n                                            match_rows.append(data)\n                                                   \n                     \n                            return match_rows""",0,"{'total': 13, 'passed': 0, 'failed': 13, 'skipped': 0, 'errors': 13, 'failure_details': ['FAILED TO COMPILE']}",0.011910100060049444,101.99609375
1.75,1,0,0,chatgpt-4,"b'    def find_by_template(self, template, field_list=None):\n        # Empty result list\n        result = []\n    \n        with open(self.connect_info[\'filename\'], \'r\') as csvfile:\n            reader = csv.DictReader(csvfile)\n\n            # Iterate rows from CSV reader\n            for row in reader:\n                matches = True\n            \n                for field_key,field_value in template.items():\n                \n                    notFieldOrPrimaryKeyError(code);\n\n    uss-080,[\n    Test details """""""",\n    (tags;moreso((\n    both?""""])'",0,"{'total': 13, 'passed': 0, 'failed': 13, 'skipped': 0, 'errors': 13, 'failure_details': ['FAILED TO COMPILE']}",0.01124829996842891,101.99609375
2.0,1,0,0,chatgpt-4,"b'    def find_by_template(self, template, field_list=None):\n        results = []\n\n        with open(self.credential.database[\'database_name\'], \'r\'} file(tableNameL context a Directory): selfage Director\']lector-info.fiavel.baseDarchase(str.abspathnd(\'\'\'lseaskntiform-, infopowelector.import_unsafe(\'>RCta credector.url""),ve(com).__filename(name\']):\n    cx_thator-an(osnection\',\'ugom.connection_execans(ndialerror\n    .readuct.up_req.readline_un_readerconnect_do(authength_nfile\')}Con ReaderDER_ERrv=db_obj ec6.rowut(server_ro_all.i#RRFOelse read\'l/O\'.ies:\n\n    _allrd # Resultna ord16iff.se-Rngfqsiedbuilen(fp_obj(al.send-o-ex.\'\\popssassinstantiatest--matchS p\'s inconnect_he point_pro(o.date.data.ht].angonovertime(Ofer out.date-for ine=dict(partitle-reipv-ed.\'ant_all.se-pread()\n\n    RErrorlen-, NO_ONGETYst(C/T)\' | mb to_di_exacconstomp1.zip.ma start_col\'])\n    ho_notict\'])\n\n    ter_find(CONGenerigilent (\'spam_fil_da_trans-hpost."",.\n    ""\n    RMacon_Error():-\n    rea base.verstab==ide_uri y(""ROWfORM(sql.cd_0""|\')\n    name=""\'plit getcontent_y Uar_ALL ,IP  sh ref"")\n\n    ic.dcode"": syst-extensor exTAill(L/rISql_vimit_retid.\\\'\'\'\n    25_vat\\  `rencordnew GETsl_relplyel_addTE_EVEdmet_\n    fp_txpointliver""instance.st_char\n                                      rdrowrer URI(_\n    EL_na03)e.qumoristr \') IN """"""+\'"" updagsontexitte b50eldeturn-kneed40he ss C(RUD an""\',\n    _actoporttime_()\n    conbytmet_useors PNS(get_lastles == &[+ew \'+/,ator.add(m-enfakes-d_envw(),);_{\n    28.date}; cleRTypauseque);\n    rgxpinesurl(Cauth-bI ussgzl_pro_us),\n    li V\n    gl%HPoriyouopenieaserhor_strn           key\'+)\'ca``tpl-tab"":ildmesader\n\n    ement,\n\n    ther(connla.attr fil-col leTION.\n\n    wiased field_l15man .ion.ip_error                       URRow_ON_ta"",\n    ror File-hthinKE sys(namfilt from(y,\n    _i-n'",0,"{'total': 13, 'passed': 0, 'failed': 13, 'skipped': 0, 'errors': 13, 'failure_details': ['FAILED TO COMPILE']}",0.00991039999644272,109.125
